{"params": ["omegam", "h"], "x0": [0.31, 0.68], "lnA0": 3.047, "derivs0": [[0.8150947348038372], [[2.0005083673402533], [2.0981135412175]], [[[-6.042481765738394], [2.2943686682763698]], [[2.294368668276381], [0.23791024856749665]]], [[[[22.680888483187502], [-14.041672637437053]], [[-14.041672637437607], [-4.108090507951578]]], [[[-14.041672637437586], [-4.108090507951578]], [[-4.108090507949913], [-2.709325976137933]]]], [[[[[-113.09407208651479], [75.54304881568497]], [[75.54304881562945], [-10.4299545694575]]], [[[75.54304881562945], [-10.4299545694575]], [[-10.429954569513011], [-8.511633266206076]]]], [[[[75.54304881562945], [-10.4299545694575]], [[-10.4299545695131], [-8.511633266206076]]], [[[-10.429954569515232], [-8.511633266206076]], [[-8.511633266344854], [-11.656526821501867]]]]], [[[[[[-12829.911653844403], [794.6219153426306]], [[794.6219153467915], [1751.055868293161]]], [[[794.6219153466274], [1751.055868293161]], [[1751.0558682876099], [1933.337629120291]]]], [[[[794.6219153466316], [1751.055868293161]], [[1751.0558682876144], [1933.337629120291]]], [[[1751.0558682876099], [1933.337629120291]], [[1933.3376291175152], [2426.15076335162]]]]], [[[[[794.6219153466316], [1751.0558682931612]], [[1751.0558682876142], [1933.337629120291]]], [[[1751.0558682876094], [1933.337629120291]], [[1933.3376291175152], [2426.15076335162]]]], [[[[1751.055868287601], [1933.337629120291]], [[1933.3376291175152], [2426.15076335162]]], [[[1933.337629117404], [2426.15076335162]], [[2426.1507633377423], [4484.46317482809]]]]]]]}